"position","ref","alt","note"
809419,"G","[A]","mutation relative to reference cassette"
811014,"C","[T]","mutation relative to reference cassette"
812606,"A","[G]","mutation relative to reference cassette"
814946,"C","[T]","mutation relative to reference cassette"
815303,"A","[G]","mutation relative to reference cassette"
2862134,"C","[T]","mutation relative to reference cassette"
2862180,"T","[C]","mutation relative to reference cassette"
2862480,"CG","[AA]","mutation relative to reference cassette"
2862557,"GCGGCCC","[CGGCCCG]","mutation relative to reference cassette"
2862572,"C","[G]","mutation relative to reference cassette"
2862590,"C","[T]","mutation relative to reference cassette"
3744862,"C","[T]","mutation relative to reference cassette"
3745496,"A","[C]","mutation relative to reference cassette"
